schema_version,build_id,segment_id,event_id,event_kind,observation_timestamp,annotation_timestamp,timestamp_precision,time_rank,same_time_group_id,event_view,spatial_scope_type,spatial_scope_id,farm_ids,zone_ids,source_set,modalities,quality_flags,embedding_status
online2-v1,build_85c4aba3a72e0e321cfcf6af46eecd20a19a2c0a85fab2b70d0af677dd85840a,event_89fb0127a1ca8dd5758d11c0d4f677c6360636b3baaf335ea0ec833b15f0ec92,event_89fb0127a1ca8dd5758d11c0d4f677c6360636b3baaf335ea0ec833b15f0ec92,LOCAL_OBSERVATION,2025-02-15T15:00:00Z,,second,0,timegroup_e1cae694a853c3a28621f5c99b6ada496e0c394e4b7a0aeed61b9d3e58d8101f,A_actuator,FARM_ZONE,F420458:1,"[""F420458""]","[""1""]",example_set,"[""A_actuator""]",[],
online2-v1,build_85c4aba3a72e0e321cfcf6af46eecd20a19a2c0a85fab2b70d0af677dd85840a,event_1e8690b51f2245898f0323d555ee1fdb0e09d9d3cc4b21626e72ebf34825c392,event_1e8690b51f2245898f0323d555ee1fdb0e09d9d3cc4b21626e72ebf34825c392,LOCAL_OBSERVATION,2025-02-15T16:00:00Z,,second,0,timegroup_16f13d09809c34b542799ec8c9637c3953ad61ecf4782210d3239850dfe15066,A_actuator,FARM_ZONE,F420458:1,"[""F420458""]","[""1""]",example_set,"[""A_actuator""]",[],
online2-v1,build_85c4aba3a72e0e321cfcf6af46eecd20a19a2c0a85fab2b70d0af677dd85840a,event_6b92164076d1fb6e820d43f742b35b04e153afabaae5c282d9de48533f194f42,event_6b92164076d1fb6e820d43f742b35b04e153afabaae5c282d9de48533f194f42,LOCAL_OBSERVATION,2025-02-15T17:00:00Z,,second,0,timegroup_a428586de4f4078e14fed53f1c209483fd31fac1bded3608348c9220846a61a6,A_actuator,FARM_ZONE,F420458:1,"[""F420458""]","[""1""]",example_set,"[""A_actuator""]",[],
online2-v1,build_85c4aba3a72e0e321cfcf6af46eecd20a19a2c0a85fab2b70d0af677dd85840a,event_93504d07b80ab8f9a8f2a39da4e96af34f5fbe0abf9a4d7979535a41051bcafe,event_93504d07b80ab8f9a8f2a39da4e96af34f5fbe0abf9a4d7979535a41051bcafe,LOCAL_OBSERVATION,2025-02-15T18:00:00Z,,second,0,timegroup_88bc7017e814f46f2a951f9a3a6ab00a0680cc61967ae05c01beab9d705a62ba,A_actuator,FARM_ZONE,F420458:1,"[""F420458""]","[""1""]",example_set,"[""A_actuator""]",[],
online2-v1,build_85c4aba3a72e0e321cfcf6af46eecd20a19a2c0a85fab2b70d0af677dd85840a,event_bb9728570ee2a47685d07d2aeed99adb657ac50910b3c0bd993049d2c50f3fbe,event_bb9728570ee2a47685d07d2aeed99adb657ac50910b3c0bd993049d2c50f3fbe,LOCAL_OBSERVATION,2025-02-15T19:00:00Z,,second,0,timegroup_18329a2498815f1c7fa31014ed83dd1116718e9c44e3578fe0793cfd4b96bca9,A_actuator,FARM_ZONE,F420458:1,"[""F420458""]","[""1""]",example_set,"[""A_actuator""]",[],
online2-v1,build_85c4aba3a72e0e321cfcf6af46eecd20a19a2c0a85fab2b70d0af677dd85840a,event_996e7efd6baa5bdff839a8d8baf91634a2c5b6905a75c2525403d576c9a73343,event_996e7efd6baa5bdff839a8d8baf91634a2c5b6905a75c2525403d576c9a73343,LOCAL_OBSERVATION,2025-02-15T20:00:00Z,,second,0,timegroup_4c693156b377ff44b1692a2a2b21e1e9e2ee993f31d8fc01084d1ef63438323d,A_actuator,FARM_ZONE,F420458:1,"[""F420458""]","[""1""]",example_set,"[""A_actuator""]",[],
online2-v1,build_85c4aba3a72e0e321cfcf6af46eecd20a19a2c0a85fab2b70d0af677dd85840a,event_e3d573ae5685bdb39ea42f23ca782a365b67e6edc7d460b59f0396af24ba246e,event_e3d573ae5685bdb39ea42f23ca782a365b67e6edc7d460b59f0396af24ba246e,LOCAL_OBSERVATION,2025-02-15T21:00:00Z,,second,0,timegroup_bb532566fbb73aa8990f77cc012c66b2f48a645779263a121db630ac2e68fad4,A_actuator,FARM_ZONE,F420458:1,"[""F420458""]","[""1""]",example_set,"[""A_actuator""]",[],
online2-v1,build_85c4aba3a72e0e321cfcf6af46eecd20a19a2c0a85fab2b70d0af677dd85840a,event_c9a13ceebf7559965b02c4e809b911f5ed6e0b79ffed7c649381bd77f111b6c6,event_c9a13ceebf7559965b02c4e809b911f5ed6e0b79ffed7c649381bd77f111b6c6,LOCAL_OBSERVATION,2025-02-15T22:00:00Z,,second,0,timegroup_e52242880ccebfecc0a3275380b61e0d3a5f575f5492701d5556f341ad636f5b,A_actuator,FARM_ZONE,F420458:1,"[""F420458""]","[""1""]",example_set,"[""A_actuator""]",[],
online2-v1,build_85c4aba3a72e0e321cfcf6af46eecd20a19a2c0a85fab2b70d0af677dd85840a,event_d34de17c99e35ecf13a1924189b339b62ec14e59e43c30dc74e58d33f53474b6,event_d34de17c99e35ecf13a1924189b339b62ec14e59e43c30dc74e58d33f53474b6,LOCAL_OBSERVATION,2025-02-15T23:00:00Z,,second,0,timegroup_1fe391336f05e3485f0486f3a266523fc9f913acfccdd4525e0b6d8aa3ca2f84,A_actuator,FARM_ZONE,F420458:1,"[""F420458""]","[""1""]",example_set,"[""A_actuator""]",[],
online2-v1,build_85c4aba3a72e0e321cfcf6af46eecd20a19a2c0a85fab2b70d0af677dd85840a,event_b546dc74ea77c215bc06cb49766bd372fb92adf0adb2249770dbf5f1871a907f,event_b546dc74ea77c215bc06cb49766bd372fb92adf0adb2249770dbf5f1871a907f,LOCAL_OBSERVATION,2025-02-16T00:00:00Z,,second,0,timegroup_37a9272db2719fb2dbd5d11d6c1befca8f31800cf49d14817dd2cc434ca52845,A_actuator,FARM_ZONE,F420458:1,"[""F420458""]","[""1""]",example_set,"[""A_actuator""]",[],
online2-v1,build_85c4aba3a72e0e321cfcf6af46eecd20a19a2c0a85fab2b70d0af677dd85840a,event_1c97d299abfd7f85706753af3daa7fdae49e0086d6a0381e86f085e1ef905556,event_1c97d299abfd7f85706753af3daa7fdae49e0086d6a0381e86f085e1ef905556,LOCAL_OBSERVATION,2025-02-16T01:00:00Z,,second,0,timegroup_3b8bb2d8783f62950f3d9f4de6c98f54f06b78c914ac7c82979653c991a44abb,A_actuator,FARM_ZONE,F420458:1,"[""F420458""]","[""1""]",example_set,"[""A_actuator""]",[],
online2-v1,build_85c4aba3a72e0e321cfcf6af46eecd20a19a2c0a85fab2b70d0af677dd85840a,event_9d70e011c37e09a7cb5509ebed92959b348e5319b906df71ea2bd07465f36468,event_9d70e011c37e09a7cb5509ebed92959b348e5319b906df71ea2bd07465f36468,LOCAL_OBSERVATION,2025-02-16T02:00:00Z,,second,0,timegroup_7d9520999b109c81c5117e2c16b9b9ea5c6a572ca487141c7288b7e6705fc86a,A_actuator,FARM_ZONE,F420458:1,"[""F420458""]","[""1""]",example_set,"[""A_actuator""]",[],
online2-v1,build_85c4aba3a72e0e321cfcf6af46eecd20a19a2c0a85fab2b70d0af677dd85840a,event_bbe04240db858d11f61527ff5063c708983eaa1ac253e99c5e5f4e01f6bda314,event_bbe04240db858d11f61527ff5063c708983eaa1ac253e99c5e5f4e01f6bda314,LOCAL_OBSERVATION,2025-02-16T03:00:00Z,,second,0,timegroup_db5af2eecc073b08fb0d7c4796289661e1d43ead8c2823b0be2324c900e98abb,A_actuator,FARM_ZONE,F420458:1,"[""F420458""]","[""1""]",example_set,"[""A_actuator""]",[],
online2-v1,build_85c4aba3a72e0e321cfcf6af46eecd20a19a2c0a85fab2b70d0af677dd85840a,event_b9ab4096aea969f2d3850158e8e296baa6919ea1de6e9d4fd4adecdcbffb3c10,event_b9ab4096aea969f2d3850158e8e296baa6919ea1de6e9d4fd4adecdcbffb3c10,LOCAL_OBSERVATION,2025-02-16T04:00:00Z,,second,0,timegroup_52500d330c7d6ac1acc43e983dd9182247590f4b7a30a400803b5d744dbfd1ba,A_actuator,FARM_ZONE,F420458:1,"[""F420458""]","[""1""]",example_set,"[""A_actuator""]",[],
online2-v1,build_85c4aba3a72e0e321cfcf6af46eecd20a19a2c0a85fab2b70d0af677dd85840a,event_21675cf2349fc308a6387f1aa8b386057abf01cf95254ec020b7ded63b0b3d72,event_21675cf2349fc308a6387f1aa8b386057abf01cf95254ec020b7ded63b0b3d72,LOCAL_OBSERVATION,2025-02-16T05:00:00Z,,second,0,timegroup_4ca1d21c8bbaa497e61a257ac7355b386ef095edc934ac17429e59685b6d141f,A_actuator,FARM_ZONE,F420458:1,"[""F420458""]","[""1""]",example_set,"[""A_actuator""]",[],
online2-v1,build_85c4aba3a72e0e321cfcf6af46eecd20a19a2c0a85fab2b70d0af677dd85840a,event_c1cfb0060b8ba78a417522abd3f390357bd8fc2b38c8638e7ea4393e6548dcda,event_c1cfb0060b8ba78a417522abd3f390357bd8fc2b38c8638e7ea4393e6548dcda,LOCAL_OBSERVATION,2025-02-16T06:00:00Z,,second,0,timegroup_b9e3616a82310af7bb0ea5148799f352ea972d8be6e50b14ecd48f920dc71ab4,A_actuator,FARM_ZONE,F420458:1,"[""F420458""]","[""1""]",example_set,"[""A_actuator""]",[],
online2-v1,build_85c4aba3a72e0e321cfcf6af46eecd20a19a2c0a85fab2b70d0af677dd85840a,event_e7aa5473de78a6e31a74e093596d545371a4e9e9a27f444d72ca0e2b1ca41275,event_e7aa5473de78a6e31a74e093596d545371a4e9e9a27f444d72ca0e2b1ca41275,LOCAL_OBSERVATION,2025-02-16T07:00:00Z,,second,0,timegroup_55c9c89640f442361f9d4ec156b6a7df423fcdc466f6c911d04ffae1eaa4da88,A_actuator,FARM_ZONE,F420458:1,"[""F420458""]","[""1""]",example_set,"[""A_actuator""]",[],
online2-v1,build_85c4aba3a72e0e321cfcf6af46eecd20a19a2c0a85fab2b70d0af677dd85840a,event_557c54f65f761fa7a2485a13ba54a1ed4b62414d3f1b5ec9af28df61f568a3a1,event_557c54f65f761fa7a2485a13ba54a1ed4b62414d3f1b5ec9af28df61f568a3a1,LOCAL_OBSERVATION,2025-02-16T08:00:00Z,,second,0,timegroup_0354244ef09c901b9fd2ac0c7971aec3478a7805c4b19b7ef50185c16d39f4ac,A_actuator,FARM_ZONE,F420458:1,"[""F420458""]","[""1""]",example_set,"[""A_actuator""]",[],
online2-v1,build_85c4aba3a72e0e321cfcf6af46eecd20a19a2c0a85fab2b70d0af677dd85840a,event_6301f221c542849db19d89d7283575a95c2688a33b96d240805c77202c45ec35,event_6301f221c542849db19d89d7283575a95c2688a33b96d240805c77202c45ec35,LOCAL_OBSERVATION,2025-02-16T09:00:00Z,,second,0,timegroup_143bfe556300bcfd0c7eab28cdaf2b00e1a50dfa07fde5cc529707a8c4706197,A_actuator,FARM_ZONE,F420458:1,"[""F420458""]","[""1""]",example_set,"[""A_actuator""]",[],
online2-v1,build_85c4aba3a72e0e321cfcf6af46eecd20a19a2c0a85fab2b70d0af677dd85840a,event_05e0aa7d02692d6e3f82a27dc74a994e37fd66785d33e0ffb8543bd49723bf31,event_05e0aa7d02692d6e3f82a27dc74a994e37fd66785d33e0ffb8543bd49723bf31,LOCAL_OBSERVATION,2025-02-16T10:00:00Z,,second,0,timegroup_c466b26a0d0699f1c5e917c6a806e33636d311900f9cd8f7e0177f9762da3a86,A_actuator,FARM_ZONE,F420458:1,"[""F420458""]","[""1""]",example_set,"[""A_actuator""]",[],
online2-v1,build_85c4aba3a72e0e321cfcf6af46eecd20a19a2c0a85fab2b70d0af677dd85840a,event_9287dcbdb01ebc5b356a7dc27604d566f51c8f6c1b9ffcc08e96e9baa3f61c0e,event_9287dcbdb01ebc5b356a7dc27604d566f51c8f6c1b9ffcc08e96e9baa3f61c0e,LOCAL_OBSERVATION,2025-02-16T11:00:00Z,,second,0,timegroup_32e28064ffacbf414f98c55c43419af8bbed203be8fc2a1287d361ecceed7894,A_actuator,FARM_ZONE,F420458:1,"[""F420458""]","[""1""]",example_set,"[""A_actuator""]",[],
online2-v1,build_85c4aba3a72e0e321cfcf6af46eecd20a19a2c0a85fab2b70d0af677dd85840a,event_d3864d872cc797f731b117492a12416287b0a0e5e0ba725db65884c8f066dff9,event_d3864d872cc797f731b117492a12416287b0a0e5e0ba725db65884c8f066dff9,LOCAL_OBSERVATION,2025-02-16T12:00:00Z,,second,0,timegroup_04fbac798447c683804b3dfebb78654f068927f9e4e2a0fba33d1eef0c4b48c2,A_actuator,FARM_ZONE,F420458:1,"[""F420458""]","[""1""]",example_set,"[""A_actuator""]",[],
online2-v1,build_85c4aba3a72e0e321cfcf6af46eecd20a19a2c0a85fab2b70d0af677dd85840a,event_2f11ae71949fc64223ccee834bf64b2c4c1c60608e55c1fca52b6e61cd31060e,event_2f11ae71949fc64223ccee834bf64b2c4c1c60608e55c1fca52b6e61cd31060e,LOCAL_OBSERVATION,2025-02-16T13:00:00Z,,second,0,timegroup_901a299362c53f8225361db07b9acf1452f4eea924077c3e62e0d8563f6e76b2,A_actuator,FARM_ZONE,F420458:1,"[""F420458""]","[""1""]",example_set,"[""A_actuator""]",[],
online2-v1,build_85c4aba3a72e0e321cfcf6af46eecd20a19a2c0a85fab2b70d0af677dd85840a,event_776d194f9d3374a0bf5bf41c4309cec6676d1f3a8b6b51fd0ecf46033327aa4d,event_776d194f9d3374a0bf5bf41c4309cec6676d1f3a8b6b51fd0ecf46033327aa4d,LOCAL_OBSERVATION,2025-02-16T14:00:00Z,,second,0,timegroup_0fb5a7940c259e3515a0305cb496ccc19568bc054409e7c7a1fb0d3b0969b0bd,A_actuator,FARM_ZONE,F420458:1,"[""F420458""]","[""1""]",example_set,"[""A_actuator""]",[],
online2-v1,build_85c4aba3a72e0e321cfcf6af46eecd20a19a2c0a85fab2b70d0af677dd85840a,event_ddeb998526aebcce39dfe756e139bb2c3f09bdc7cdb7ec907fe8b355af0c0289,event_ddeb998526aebcce39dfe756e139bb2c3f09bdc7cdb7ec907fe8b355af0c0289,LOCAL_OBSERVATION,2025-02-16T15:00:00Z,,second,0,timegroup_2729eb4115c142263b139e42b52ed557f023334cb39059e44bb39d887ab690de,A_actuator,FARM_ZONE,F420458:1,"[""F420458""]","[""1""]",example_set,"[""A_actuator""]",[],
