feature,tokenization_kind,scope_id,constant_type,semantic_class,edge_value,observed_unique_values,n_cells,static_metadata_candidate,remove_from_repeat_tokens_candidate,not_installed_asserted,notes
circulation_fan,FARM_REL,F152840,FARM_CONSTANT,ALWAYS_OFF,0.0,0.0,1344,True,False,False,NOT_INSTALLED never inferred without installation evidence
circulation_fan,FARM_REL,F302129,FARM_CONSTANT,ALWAYS_OFF,0.0,0.0,1344,True,False,False,NOT_INSTALLED never inferred without installation evidence
circulation_fan,FARM_REL,F332196,FARM_CONSTANT,ALWAYS_OFF,0.0,0.0,1344,True,False,False,NOT_INSTALLED never inferred without installation evidence
circulation_fan,FARM_REL,F385790,FARM_CONSTANT,ALWAYS_OFF,0.0,0.0,1344,True,False,False,NOT_INSTALLED never inferred without installation evidence
circulation_fan,FARM_REL,F605134,FARM_CONSTANT,ALWAYS_OFF,0.0,0.0,1344,True,False,False,NOT_INSTALLED never inferred without installation evidence
circulation_fan,FARM_REL,F705994,FARM_CONSTANT,ALWAYS_OFF,0.0,0.0,1344,True,False,False,NOT_INSTALLED never inferred without installation evidence
circulation_fan,FARM_REL,F854780,FARM_CONSTANT,ALWAYS_OFF,0.0,0.0,1344,True,False,False,NOT_INSTALLED never inferred without installation evidence
circulation_fan,FARM_REL,F882016,FARM_CONSTANT,ALWAYS_OFF,0.0,0.0,1344,True,False,False,NOT_INSTALLED never inferred without installation evidence
circulation_fan,FARM_REL,F968401,FARM_CONSTANT,ALWAYS_OFF,0.0,0.0,1344,True,False,False,NOT_INSTALLED never inferred without installation evidence
circulation_fan,FARM_REL,F972654,FARM_CONSTANT,ALWAYS_OFF,0.0,0.0,1344,True,False,False,NOT_INSTALLED never inferred without installation evidence
flower_truss_order,FARM_REL,F241573,FARM_CONSTANT,ALWAYS_OFF,0.0,0.0,8,True,False,False,NOT_INSTALLED never inferred without installation evidence
flower_truss_order,FARM_REL,F295998,FARM_CONSTANT,ALWAYS_OFF,0.0,0.0,8,True,False,False,NOT_INSTALLED never inferred without installation evidence
flower_truss_order,FARM_REL,F302129,FARM_CONSTANT,NO_VARIATION_IN_PERIOD,1.0,1.0,8,True,False,False,NOT_INSTALLED never inferred without installation evidence
flower_truss_order,FARM_REL,F385790,FARM_CONSTANT,NO_VARIATION_IN_PERIOD,1.0,1.0,8,True,False,False,NOT_INSTALLED never inferred without installation evidence
flower_truss_order,FARM_REL,F393975,FARM_CONSTANT,ALWAYS_OFF,0.0,0.0,8,True,False,False,NOT_INSTALLED never inferred without installation evidence
flower_truss_order,FARM_REL,F536515,FARM_CONSTANT,ALWAYS_OFF,0.0,0.0,8,True,False,False,NOT_INSTALLED never inferred without installation evidence
flower_truss_order,FARM_REL,F538612,FARM_CONSTANT,ALWAYS_OFF,0.0,0.0,8,True,False,False,NOT_INSTALLED never inferred without installation evidence
flower_truss_order,FARM_REL,F551358,FARM_CONSTANT,ALWAYS_OFF,0.0,0.0,8,True,False,False,NOT_INSTALLED never inferred without installation evidence
flower_truss_order,FARM_REL,F584775,FARM_CONSTANT,ALWAYS_OFF,0.0,0.0,8,True,False,False,NOT_INSTALLED never inferred without installation evidence
flower_truss_order,FARM_REL,F718361,FARM_CONSTANT,NO_VARIATION_IN_PERIOD,1.0,1.0,8,True,False,False,NOT_INSTALLED never inferred without installation evidence
flower_truss_order,FARM_REL,F760592,FARM_CONSTANT,ALWAYS_OFF,0.0,0.0,8,True,False,False,NOT_INSTALLED never inferred without installation evidence
flower_truss_order,FARM_REL,F844403,FARM_CONSTANT,NO_VARIATION_IN_PERIOD,1.0,1.0,8,True,False,False,NOT_INSTALLED never inferred without installation evidence
flower_truss_order,FARM_REL,F854447,FARM_CONSTANT,NO_VARIATION_IN_PERIOD,1.0,1.0,8,True,False,False,NOT_INSTALLED never inferred without installation evidence
flower_truss_order,FARM_REL,F882016,FARM_CONSTANT,NO_VARIATION_IN_PERIOD,1.0,1.0,8,True,False,False,NOT_INSTALLED never inferred without installation evidence
flower_truss_order,FARM_REL,F944488,FARM_CONSTANT,ALWAYS_OFF,0.0,0.0,8,True,False,False,NOT_INSTALLED never inferred without installation evidence
flower_truss_order,FARM_REL,F968401,FARM_CONSTANT,NO_VARIATION_IN_PERIOD,1.0,1.0,8,True,False,False,NOT_INSTALLED never inferred without installation evidence
flower_truss_order,FARM_REL,F973024,FARM_CONSTANT,ALWAYS_OFF,0.0,0.0,8,True,False,False,NOT_INSTALLED never inferred without installation evidence
opened_flower_count,FARM_REL,F241573,FARM_CONSTANT,ALWAYS_OFF,0.0,0.0,8,True,False,False,NOT_INSTALLED never inferred without installation evidence
opened_flower_count,FARM_REL,F295998,FARM_CONSTANT,ALWAYS_OFF,0.0,0.0,8,True,False,False,NOT_INSTALLED never inferred without installation evidence
opened_flower_count,FARM_REL,F393975,FARM_CONSTANT,ALWAYS_OFF,0.0,0.0,8,True,False,False,NOT_INSTALLED never inferred without installation evidence
opened_flower_count,FARM_REL,F536515,FARM_CONSTANT,ALWAYS_OFF,0.0,0.0,8,True,False,False,NOT_INSTALLED never inferred without installation evidence
opened_flower_count,FARM_REL,F538612,FARM_CONSTANT,ALWAYS_OFF,0.0,0.0,8,True,False,False,NOT_INSTALLED never inferred without installation evidence
opened_flower_count,FARM_REL,F551358,FARM_CONSTANT,ALWAYS_OFF,0.0,0.0,8,True,False,False,NOT_INSTALLED never inferred without installation evidence
opened_flower_count,FARM_REL,F584775,FARM_CONSTANT,ALWAYS_OFF,0.0,0.0,8,True,False,False,NOT_INSTALLED never inferred without installation evidence
opened_flower_count,FARM_REL,F760592,FARM_CONSTANT,ALWAYS_OFF,0.0,0.0,8,True,False,False,NOT_INSTALLED never inferred without installation evidence
opened_flower_count,FARM_REL,F944488,FARM_CONSTANT,ALWAYS_OFF,0.0,0.0,8,True,False,False,NOT_INSTALLED never inferred without installation evidence
tube_rail,ABS,,GLOBAL_CONSTANT,ALWAYS_OFF,0.0,0.0,73920,True,True,False,NOT_INSTALLED never inferred without installation evidence
tube_rail,FARM_REL,F130230,GLOBAL_CONSTANT,ALWAYS_OFF,0.0,0.0,1344,True,True,False,NOT_INSTALLED never inferred without installation evidence
tube_rail,FARM_REL,F135380,GLOBAL_CONSTANT,ALWAYS_OFF,0.0,0.0,1344,True,True,False,NOT_INSTALLED never inferred without installation evidence
tube_rail,FARM_REL,F152840,GLOBAL_CONSTANT,ALWAYS_OFF,0.0,0.0,1344,True,True,False,NOT_INSTALLED never inferred without installation evidence
tube_rail,FARM_REL,F155481,GLOBAL_CONSTANT,ALWAYS_OFF,0.0,0.0,1344,True,True,False,NOT_INSTALLED never inferred without installation evidence
tube_rail,FARM_REL,F188026,GLOBAL_CONSTANT,ALWAYS_OFF,0.0,0.0,1344,True,True,False,NOT_INSTALLED never inferred without installation evidence
tube_rail,FARM_REL,F188310,GLOBAL_CONSTANT,ALWAYS_OFF,0.0,0.0,1344,True,True,False,NOT_INSTALLED never inferred without installation evidence
tube_rail,FARM_REL,F194265,GLOBAL_CONSTANT,ALWAYS_OFF,0.0,0.0,1344,True,True,False,NOT_INSTALLED never inferred without installation evidence
tube_rail,FARM_REL,F209570,GLOBAL_CONSTANT,ALWAYS_OFF,0.0,0.0,1344,True,True,False,NOT_INSTALLED never inferred without installation evidence
tube_rail,FARM_REL,F241573,GLOBAL_CONSTANT,ALWAYS_OFF,0.0,0.0,1344,True,True,False,NOT_INSTALLED never inferred without installation evidence
tube_rail,FARM_REL,F257178,GLOBAL_CONSTANT,ALWAYS_OFF,0.0,0.0,1344,True,True,False,NOT_INSTALLED never inferred without installation evidence
tube_rail,FARM_REL,F279269,GLOBAL_CONSTANT,ALWAYS_OFF,0.0,0.0,1344,True,True,False,NOT_INSTALLED never inferred without installation evidence
tube_rail,FARM_REL,F295998,GLOBAL_CONSTANT,ALWAYS_OFF,0.0,0.0,1344,True,True,False,NOT_INSTALLED never inferred without installation evidence
tube_rail,FARM_REL,F302129,GLOBAL_CONSTANT,ALWAYS_OFF,0.0,0.0,1344,True,True,False,NOT_INSTALLED never inferred without installation evidence
tube_rail,FARM_REL,F332196,GLOBAL_CONSTANT,ALWAYS_OFF,0.0,0.0,1344,True,True,False,NOT_INSTALLED never inferred without installation evidence
tube_rail,FARM_REL,F333620,GLOBAL_CONSTANT,ALWAYS_OFF,0.0,0.0,1344,True,True,False,NOT_INSTALLED never inferred without installation evidence
tube_rail,FARM_REL,F346854,GLOBAL_CONSTANT,ALWAYS_OFF,0.0,0.0,1344,True,True,False,NOT_INSTALLED never inferred without installation evidence
tube_rail,FARM_REL,F354848,GLOBAL_CONSTANT,ALWAYS_OFF,0.0,0.0,1344,True,True,False,NOT_INSTALLED never inferred without installation evidence
tube_rail,FARM_REL,F356651,GLOBAL_CONSTANT,ALWAYS_OFF,0.0,0.0,1344,True,True,False,NOT_INSTALLED never inferred without installation evidence
tube_rail,FARM_REL,F385790,GLOBAL_CONSTANT,ALWAYS_OFF,0.0,0.0,1344,True,True,False,NOT_INSTALLED never inferred without installation evidence
tube_rail,FARM_REL,F393975,GLOBAL_CONSTANT,ALWAYS_OFF,0.0,0.0,1344,True,True,False,NOT_INSTALLED never inferred without installation evidence
tube_rail,FARM_REL,F396544,GLOBAL_CONSTANT,ALWAYS_OFF,0.0,0.0,1344,True,True,False,NOT_INSTALLED never inferred without installation evidence
tube_rail,FARM_REL,F420458,GLOBAL_CONSTANT,ALWAYS_OFF,0.0,0.0,1344,True,True,False,NOT_INSTALLED never inferred without installation evidence
tube_rail,FARM_REL,F421013,GLOBAL_CONSTANT,ALWAYS_OFF,0.0,0.0,1344,True,True,False,NOT_INSTALLED never inferred without installation evidence
tube_rail,FARM_REL,F451640,GLOBAL_CONSTANT,ALWAYS_OFF,0.0,0.0,1344,True,True,False,NOT_INSTALLED never inferred without installation evidence
tube_rail,FARM_REL,F536515,GLOBAL_CONSTANT,ALWAYS_OFF,0.0,0.0,1344,True,True,False,NOT_INSTALLED never inferred without installation evidence
tube_rail,FARM_REL,F538612,GLOBAL_CONSTANT,ALWAYS_OFF,0.0,0.0,1344,True,True,False,NOT_INSTALLED never inferred without installation evidence
tube_rail,FARM_REL,F541027,GLOBAL_CONSTANT,ALWAYS_OFF,0.0,0.0,1344,True,True,False,NOT_INSTALLED never inferred without installation evidence
tube_rail,FARM_REL,F541562,GLOBAL_CONSTANT,ALWAYS_OFF,0.0,0.0,1344,True,True,False,NOT_INSTALLED never inferred without installation evidence
tube_rail,FARM_REL,F551358,GLOBAL_CONSTANT,ALWAYS_OFF,0.0,0.0,1344,True,True,False,NOT_INSTALLED never inferred without installation evidence
tube_rail,FARM_REL,F584775,GLOBAL_CONSTANT,ALWAYS_OFF,0.0,0.0,1344,True,True,False,NOT_INSTALLED never inferred without installation evidence
tube_rail,FARM_REL,F596090,GLOBAL_CONSTANT,ALWAYS_OFF,0.0,0.0,1344,True,True,False,NOT_INSTALLED never inferred without installation evidence
tube_rail,FARM_REL,F605134,GLOBAL_CONSTANT,ALWAYS_OFF,0.0,0.0,1344,True,True,False,NOT_INSTALLED never inferred without installation evidence
tube_rail,FARM_REL,F612614,GLOBAL_CONSTANT,ALWAYS_OFF,0.0,0.0,1344,True,True,False,NOT_INSTALLED never inferred without installation evidence
tube_rail,FARM_REL,F662255,GLOBAL_CONSTANT,ALWAYS_OFF,0.0,0.0,1344,True,True,False,NOT_INSTALLED never inferred without installation evidence
tube_rail,FARM_REL,F705994,GLOBAL_CONSTANT,ALWAYS_OFF,0.0,0.0,1344,True,True,False,NOT_INSTALLED never inferred without installation evidence
tube_rail,FARM_REL,F718361,GLOBAL_CONSTANT,ALWAYS_OFF,0.0,0.0,1344,True,True,False,NOT_INSTALLED never inferred without installation evidence
tube_rail,FARM_REL,F760592,GLOBAL_CONSTANT,ALWAYS_OFF,0.0,0.0,1344,True,True,False,NOT_INSTALLED never inferred without installation evidence
tube_rail,FARM_REL,F773675,GLOBAL_CONSTANT,ALWAYS_OFF,0.0,0.0,1344,True,True,False,NOT_INSTALLED never inferred without installation evidence
tube_rail,FARM_REL,F806136,GLOBAL_CONSTANT,ALWAYS_OFF,0.0,0.0,1344,True,True,False,NOT_INSTALLED never inferred without installation evidence
tube_rail,FARM_REL,F814133,GLOBAL_CONSTANT,ALWAYS_OFF,0.0,0.0,1344,True,True,False,NOT_INSTALLED never inferred without installation evidence
tube_rail,FARM_REL,F826478,GLOBAL_CONSTANT,ALWAYS_OFF,0.0,0.0,1344,True,True,False,NOT_INSTALLED never inferred without installation evidence
tube_rail,FARM_REL,F844403,GLOBAL_CONSTANT,ALWAYS_OFF,0.0,0.0,1344,True,True,False,NOT_INSTALLED never inferred without installation evidence
tube_rail,FARM_REL,F854447,GLOBAL_CONSTANT,ALWAYS_OFF,0.0,0.0,1344,True,True,False,NOT_INSTALLED never inferred without installation evidence
tube_rail,FARM_REL,F854780,GLOBAL_CONSTANT,ALWAYS_OFF,0.0,0.0,1344,True,True,False,NOT_INSTALLED never inferred without installation evidence
tube_rail,FARM_REL,F882016,GLOBAL_CONSTANT,ALWAYS_OFF,0.0,0.0,1344,True,True,False,NOT_INSTALLED never inferred without installation evidence
tube_rail,FARM_REL,F944488,GLOBAL_CONSTANT,ALWAYS_OFF,0.0,0.0,1344,True,True,False,NOT_INSTALLED never inferred without installation evidence
tube_rail,FARM_REL,F968401,GLOBAL_CONSTANT,ALWAYS_OFF,0.0,0.0,1344,True,True,False,NOT_INSTALLED never inferred without installation evidence
tube_rail,FARM_REL,F972037,GLOBAL_CONSTANT,ALWAYS_OFF,0.0,0.0,1344,True,True,False,NOT_INSTALLED never inferred without installation evidence
tube_rail,FARM_REL,F972654,GLOBAL_CONSTANT,ALWAYS_OFF,0.0,0.0,1344,True,True,False,NOT_INSTALLED never inferred without installation evidence
tube_rail,FARM_REL,F973024,GLOBAL_CONSTANT,ALWAYS_OFF,0.0,0.0,1344,True,True,False,NOT_INSTALLED never inferred without installation evidence
tube_rail,FARM_REL,F974023,GLOBAL_CONSTANT,ALWAYS_OFF,0.0,0.0,1344,True,True,False,NOT_INSTALLED never inferred without installation evidence
tube_rail,FARM_REL,F975071,GLOBAL_CONSTANT,ALWAYS_OFF,0.0,0.0,1344,True,True,False,NOT_INSTALLED never inferred without installation evidence
tube_rail,FARM_REL,F976048,GLOBAL_CONSTANT,ALWAYS_OFF,0.0,0.0,1344,True,True,False,NOT_INSTALLED never inferred without installation evidence
tube_rail,FARM_REL,F981237,GLOBAL_CONSTANT,ALWAYS_OFF,0.0,0.0,1344,True,True,False,NOT_INSTALLED never inferred without installation evidence
tube_rail,FARM_REL,F995842,GLOBAL_CONSTANT,ALWAYS_OFF,0.0,0.0,1344,True,True,False,NOT_INSTALLED never inferred without installation evidence
tube_rail,GLOBAL,,GLOBAL_CONSTANT,ALWAYS_OFF,0.0,0.0,73920,True,True,False,NOT_INSTALLED never inferred without installation evidence
