feature_name,feature_alias,source_column,source_file_family,event_view,raw_type,proposed_v2_type,candidate_unit,canonical_unit,unit_confidence,unit_evidence,raw_min,raw_max,p01,p05,p25,p50,p75,p95,p99,unique_count,zero_count,positive_count,negative_count,null_count,farm_constant_count,globally_constant,threshold_ready,state_mapping_ready,noise_epsilon_ready,quality_flags
circulation_fan,CIRCULATION_FAN,circulation_fan,A_actuator,A_actuator,int,boolean,device_code_or_binary,unresolved,LOW,code_meaning_not_confirmed_in_codebook,0.0,201.0,0.0,0.0,0.0,0.0,0.0,201.0,201.0,2.0,59342,14578,0,0,10,False,False,True,True,ZERO_POS_MIX;UNIT_UNRESOLVED
co2_ppm,CO2_PPM,co2_ppm,E_environment,E_environment,float,continuous,ppm,ppm,HIGH,column_suffix:_ppm,215.149,2025.135,257.53583,308.233,367.696,407.6225,442.228,494.9967500000002,573.3744699999984,21140.0,0,73920,0,0,0,False,True,False,False,
co2_supply,CO2_SUPPLY,co2_supply,A_actuator,A_actuator,int,boolean,device_code_or_binary,unresolved,LOW,code_meaning_not_confirmed_in_codebook,0.0,201.0,0.0,0.0,0.0,0.0,0.0,0.0,201.0,2.0,72671,1249,0,0,0,False,False,True,True,ZERO_POS_MIX;UNIT_UNRESOLVED
crown_diameter_mm,CROWN_DIAMETER_MM,crown_diameter_mm,G_growth,G_growth,float,continuous,mm,mm,HIGH,column_suffix:_mm,5.92,23.26,7.2812,8.507,14.03,15.79,16.75225,18.593499999999995,20.78893,331.0,0,440,0,0,0,False,True,False,False,
ec_sensor,EC_SENSOR,ec_sensor,A_actuator,R_rootzone,float,continuous,dS/m,dS/m,HIGH,column_name:_ds_m/ec,0.0,2.924,0.0,0.2,0.9,1.1,1.4,1.5,1.6,1270.0,1429,72491,0,0,0,False,True,False,False,ZERO_POS_MIX
farm_id,FARM_ID,farm_id,A_actuator,E_environment,string,identifier,n/a,n/a,CONFIRMED,identity_or_time_column,,,,,,,,,,0.0,0,0,0,0,0,False,False,False,False,
fcu_fan,FCU_FAN,fcu_fan,A_actuator,A_actuator,int,boolean,device_code_or_binary,unresolved,LOW,code_meaning_not_confirmed_in_codebook,0.0,201.0,0.0,0.0,0.0,0.0,0.0,201.0,201.0,2.0,58608,15312,0,0,0,False,False,True,True,ZERO_POS_MIX;UNIT_UNRESOLVED
fcu_pump,FCU_PUMP,fcu_pump,A_actuator,A_actuator,int,boolean,device_code_or_binary,unresolved,LOW,code_meaning_not_confirmed_in_codebook,0.0,201.0,0.0,0.0,0.0,0.0,0.0,201.0,201.0,2.0,58428,15492,0,0,0,False,False,True,True,ZERO_POS_MIX;UNIT_UNRESOLVED
flower_truss_order,FLOWER_TRUSS_ORDER,flower_truss_order,G_growth,G_growth,int,counter,count,count,HIGH,counter_or_ordinal_name,0.0,3.0,0.0,0.0,1.0,1.0,1.0,2.0,3.0,4.0,107,333,0,0,17,False,True,False,False,ZERO_POS_MIX
inside_humidity_pct,INSIDE_HUMIDITY_PCT,inside_humidity_pct,E_environment,E_environment,float,continuous,%,%,HIGH,column_suffix_or_name:_pct/humidity,18.483,100.0,41.673,51.01795,65.683,75.23349999999999,85.733,95.89620000000001,100.0,21507.0,0,73920,0,0,0,False,True,False,False,
inside_temp_c,INSIDE_TEMP_C,inside_temp_c,E_environment,E_environment,float,continuous,degC,degC,HIGH,column_suffix_or_name:_c/temp,-0.724,37.646,3.5033800000000004,7.55995,11.662,16.6625,21.86425,27.972050000000003,31.0,21648.0,30,73885,5,0,0,False,True,False,False,ZERO_POS_MIX;HAS_NEGATIVE
leaf_count,LEAF_COUNT,leaf_count,G_growth,G_growth,int,counter,count,count,HIGH,counter_or_ordinal_name,2.0,16.0,3.0,4.0,6.0,7.0,8.0,9.0,12.610000000000014,15.0,0,440,0,0,0,False,True,False,False,
leaf_length_cm,LEAF_LENGTH_CM,leaf_length_cm,G_growth,G_growth,float,continuous,cm,cm,HIGH,column_suffix:_cm,2.33,18.22,3.1031,4.2385,6.762499999999999,8.27,9.14,11.962999999999997,14.280330000000001,336.0,0,440,0,0,0,False,True,False,False,
leaf_width_cm,LEAF_WIDTH_CM,leaf_width_cm,G_growth,G_growth,float,continuous,cm,cm,HIGH,column_suffix:_cm,1.98,12.99,2.7978,3.4695,5.92875,7.308,8.1405,9.379499999999991,11.52581,325.0,0,440,0,0,0,False,True,False,False,
line_flow_rate,LINE_FLOW_RATE,line_flow_rate,A_actuator,A_actuator,float,flow,percent_or_flow_raw,unresolved,LOW,opening_or_flow_scale_unconfirmed,0.0,6098.712,0.0,0.0,0.0,90.0,326.45575,720.0,960.0,2783.0,26929,46991,0,0,0,False,False,False,True,ZERO_POS_MIX;UNIT_UNRESOLVED
nutrient_solution_system,NUTRIENT_SOLUTION_SYSTEM,nutrient_solution_system,A_actuator,A_actuator,float,categorical,device_code_or_binary,unresolved,LOW,code_meaning_not_confirmed_in_codebook,0.0,402.0,0.0,0.0,0.0,0.0,0.0,1.0,1.0,295.0,66504,7416,0,0,0,False,False,False,False,ZERO_POS_MIX;UNIT_UNRESOLVED
observation_date,OBSERVATION_DATE,observation_date,G_growth,E_environment,datetime,identifier,n/a,n/a,CONFIRMED,identity_or_time_column,,,,,,,,,,0.0,0,0,0,0,0,False,False,False,False,
opened_flower_count,OPENED_FLOWER_COUNT,opened_flower_count,G_growth,G_growth,int,counter,count,count,HIGH,counter_or_ordinal_name,0.0,4.0,0.0,0.0,0.0,1.0,2.0,3.0,3.6100000000000136,5.0,171,269,0,0,9,False,True,False,False,ZERO_POS_MIX
outside_humidity_pct,OUTSIDE_HUMIDITY_PCT,outside_humidity_pct,E_environment,E_environment,float,continuous,%,%,HIGH,column_suffix_or_name:_pct/humidity,23.69,99.524,30.58,38.944,58.001,71.672,82.737,92.4582,96.108,9021.0,0,73920,0,0,0,False,True,False,False,
outside_solar_radiation,OUTSIDE_SOLAR_RADIATION,outside_solar_radiation,E_environment,E_environment,float,continuous,W/m2_or_sensor_units,unresolved,LOW,distribution_only;sensor_scale_unconfirmed,0.0,813.708,0.0,3.901,4.606,5.265000000000001,167.66,493.393,672.715,8137.0,842,73078,0,0,0,False,False,False,False,ZERO_POS_MIX;UNIT_UNRESOLVED
outside_temp_c,OUTSIDE_TEMP_C,outside_temp_c,E_environment,E_environment,float,continuous,degC,degC,HIGH,column_suffix_or_name:_c/temp,-9.863,36.853,-6.928,-4.74,2.025,9.335,20.538,27.06670000000004,30.2,9379.0,1,60831,13088,0,0,False,True,False,False,ZERO_POS_MIX;HAS_NEGATIVE
petiole_length_cm,PETIOLE_LENGTH_CM,petiole_length_cm,G_growth,G_growth,float,continuous,cm,cm,HIGH,column_suffix:_cm,3.76,33.64,4.4497,6.439500000000001,9.475000000000001,10.933499999999999,11.95,19.564949999999996,24.093400000000027,339.0,0,440,0,0,0,False,True,False,False,
ph_sensor,PH_SENSOR,ph_sensor,A_actuator,R_rootzone,float,continuous,pH,pH,MEDIUM,feature_name_ph;confirm_probe_scale,3.134,7.7,3.8,4.4109,5.6,5.7,5.8,6.5,7.2,1954.0,0,73920,0,0,0,False,False,False,False,
plant_height_cm,PLANT_HEIGHT_CM,plant_height_cm,G_growth,G_growth,float,continuous,cm,cm,HIGH,column_suffix:_cm,7.26,50.54,7.9917,11.283,17.6225,22.285,24.63025,34.13699999999999,40.118800000000014,393.0,0,440,0,0,0,False,True,False,False,
rain_detected,RAIN_DETECTED,rain_detected,E_environment,E_environment,float,boolean,device_code_or_binary,unresolved,LOW,code_meaning_not_confirmed_in_codebook,0.0,1.0,0.0,0.0,0.0,0.0,0.0,0.35,1.0,57.0,65704,8216,0,0,0,False,False,False,True,ZERO_POS_MIX;UNIT_UNRESOLVED
roof_vent_left,ROOF_VENT_LEFT,roof_vent_left,A_actuator,A_actuator,float,ordinal_actuator,percent_or_flow_raw,unresolved,LOW,opening_or_flow_scale_unconfirmed,0.0,100.0,0.0,0.0,0.0,0.0,16.49475,87.0,100.0,6281.0,42477,31443,0,0,0,False,False,False,True,ZERO_POS_MIX;UNIT_UNRESOLVED
roof_vent_right,ROOF_VENT_RIGHT,roof_vent_right,A_actuator,A_actuator,float,ordinal_actuator,percent_or_flow_raw,unresolved,LOW,opening_or_flow_scale_unconfirmed,0.0,100.0,0.0,0.0,0.0,0.0,19.0,97.20805,100.0,6396.0,44245,29675,0,0,0,False,False,False,True,ZERO_POS_MIX;UNIT_UNRESOLVED
shade_screen,SHADE_SCREEN,shade_screen,A_actuator,A_actuator,float,ordinal_actuator,percent_or_flow_raw,unresolved,LOW,opening_or_flow_scale_unconfirmed,0.0,100.0,0.0,0.0,0.0,26.0655,100.0,100.0,100.0,4777.0,28385,45535,0,0,0,False,False,False,True,ZERO_POS_MIX;UNIT_UNRESOLVED
substrate_ec_ds_m,SUBSTRATE_EC_DS_M,substrate_ec_ds_m,R_rootzone,R_rootzone,float,continuous,dS/m,dS/m,HIGH,column_name:_ds_m/ec,0.15,5.0,0.254,0.309,0.413,0.552,0.98,3.122050000000003,4.8,3610.0,0,73920,0,0,0,False,True,False,False,
substrate_temp_c,SUBSTRATE_TEMP_C,substrate_temp_c,R_rootzone,R_rootzone,float,continuous,degC,degC,HIGH,column_suffix_or_name:_c/temp,3.0,31.222,3.76,8.39,12.11,14.39,16.79,19.4,27.408099999999976,7081.0,0,73920,0,0,0,False,True,False,False,
substrate_water_content_pct,SUBSTRATE_WATER_CONTENT_PCT,substrate_water_content_pct,R_rootzone,R_rootzone,float,continuous,%,%,HIGH,column_suffix_or_name:_pct/humidity,15.42,58.34,23.63,30.9495,37.28,39.63,41.7,46.57,51.34,8139.0,0,73920,0,0,0,False,True,False,False,
thermal_curtain,THERMAL_CURTAIN,thermal_curtain,A_actuator,A_actuator,float,ordinal_actuator,percent_or_flow_raw,unresolved,LOW,opening_or_flow_scale_unconfirmed,0.0,100.0,0.0,0.0,0.0,21.0,99.4,100.0,100.0,6981.0,28846,45074,0,0,0,False,False,False,True,ZERO_POS_MIX;UNIT_UNRESOLVED
timestamp,TIMESTAMP,timestamp,A_actuator,E_environment,datetime,identifier,n/a,n/a,CONFIRMED,identity_or_time_column,,,,,,,,,,0.0,0,0,0,0,0,False,False,False,False,
total_flow_rate,TOTAL_FLOW_RATE,total_flow_rate,A_actuator,A_actuator,float,flow,percent_or_flow_raw,unresolved,LOW,opening_or_flow_scale_unconfirmed,0.0,5168.4,0.0,0.0,0.0,90.0,324.0,720.0,960.0,2745.0,26987,46933,0,0,0,False,False,False,True,ZERO_POS_MIX;UNIT_UNRESOLVED
tube_rail,TUBE_RAIL,tube_rail,A_actuator,A_actuator,int,boolean,device_code_or_binary,unresolved,LOW,code_meaning_not_confirmed_in_codebook,0.0,0.0,0.0,0.0,0.0,0.0,0.0,0.0,0.0,1.0,73920,0,0,0,55,True,False,True,False,GLOBAL_CONSTANT;UNIT_UNRESOLVED
unopened_flower_count,UNOPENED_FLOWER_COUNT,unopened_flower_count,G_growth,G_growth,int,counter,count,count,HIGH,counter_or_ordinal_name,0.0,11.0,0.0,1.0,2.0,3.0,5.0,8.0,10.0,12.0,14,426,0,0,0,False,True,False,False,ZERO_POS_MIX
wind_direction_deg,WIND_DIRECTION_DEG,wind_direction_deg,E_environment,E_environment,float,circular,deg,deg,HIGH,column_name:direction_deg,47.972,360.0,68.69426000000001,108.647,212.121,255.554,281.20574999999997,336.514,357.436,9527.0,0,73920,0,0,0,False,True,False,False,
wind_speed_m_s,WIND_SPEED_M_S,wind_speed_m_s,E_environment,E_environment,float,continuous,m/s,m/s,HIGH,column_suffix:_m_s,0.0,8.325,0.163,0.291,0.639,1.028,1.592,2.749,4.117,2987.0,13,73907,0,0,0,False,True,False,False,ZERO_POS_MIX
zone_id,ZONE_ID,zone_id,A_actuator,E_environment,int,identifier,n/a,n/a,CONFIRMED,identity_or_time_column,1.0,4.0,1.0,1.0,1.75,2.5,3.25,4.0,4.0,4.0,0,222200,0,0,0,False,False,False,False,
farm_id,FARM_ID,farm_id,E_environment,E_environment,string,identifier,n/a,n/a,CONFIRMED,structural_identity_or_modality,,,,,,,,,,,0,0,0,0,0,False,False,False,False,
zone_id,ZONE_ID,zone_id,E_environment,E_environment,string,identifier,n/a,n/a,CONFIRMED,structural_identity_or_modality,,,,,,,,,,,0,0,0,0,0,False,False,False,False,
timestamp,TIMESTAMP,timestamp,E_environment,E_environment,string,identifier,n/a,n/a,CONFIRMED,structural_identity_or_modality,,,,,,,,,,,0,0,0,0,0,False,False,False,False,
image_file,IMAGE_FILE,image_file,I_images,I_images,string,image,n/a,n/a,CONFIRMED,structural_identity_or_modality,,,,,,,,,,,0,0,0,0,0,False,False,False,False,
interpretation_text,INTERPRETATION_TEXT,interpretation_text,interpretation,interpretation,string,text,n/a,n/a,HIGH,structural_identity_or_modality,,,,,,,,,,,0,0,0,0,0,False,False,False,False,
