image_id,source_path,file_exists,decode_valid,file_size,width,height,format,EXIF_orientation,content_hash,duplicate_hash_count,farm_id,zone_id,capture_timestamp,timestamp_precision,alignment_policy,alignment_confidence,image_role_candidate,embedding_status
event_0687e4ea94f708aecfab90cd520e3df55f235dc36c3bed74b648d15ee9c9030c,data/I_images/F130230/image_001.jpg,True,True,28176,384,288,JPEG,,f9bd2d5acd155dc0dce24bb48a8e10af84bacb0c7427252dfbd4d4e7842c2b4f,1,F130230,,,period,case_period_end,LOW,UNRESOLVED,pending
event_c860915f85fc8a4b0de9da444b532df047969f80e9a3c94d7b1c6ebe02ea494c,data/I_images/F135380/image_001.jpg,True,True,14223,327,188,JPEG,,c6e6a8470524780d7dab187ffc10f11ab93dfb74b6303389b52230aee8ef6c58,1,F135380,,,period,case_period_end,LOW,UNRESOLVED,pending
event_736d340393bd5403c1eec6f3132349c255107aacd88ae914cb54fdd8d59cdd4f,data/I_images/F135380/image_003.jpg,True,True,16764,306,204,JPEG,,aa542d1e9564ec5b61131240b231d07f12d027a992d8d356e6663b7dd4b22da1,1,F135380,,,period,case_period_end,LOW,UNRESOLVED,pending
event_d0f82218e30889f9b96a758e16428cd6b5e79ddad509fe0a6966b1c033d34a9b,data/I_images/F152840/image_001.jpg,True,True,16026,306,204,JPEG,,c168e5d02c891f1e707dc94bf313ef6adcdaf1eecf80b3393a7723463768e700,1,F152840,,,period,case_period_end,LOW,UNRESOLVED,pending
event_73360b4743ba5481cad44e97a7e1f524261a6950e63d2779eece142839db01f1,data/I_images/F152840/image_002.jpg,True,True,17516,308,234,JPEG,,c4a417bbcaaf54bd87dc886be2cea314e8fe0c1e36531ab0468e559691b88750,1,F152840,,,period,case_period_end,LOW,UNRESOLVED,pending
event_f703341a93b6bef0406c6c40ffbf708bc85eb2e3914335329cb1779013697f4c,data/I_images/F152840/image_003.jpg,True,True,11586,311,180,JPEG,,fbe8f0caaaa471c51b64611b1d26a7184eb9b5b7b8ab3dedf05e637714b09955,1,F152840,,,period,case_period_end,LOW,UNRESOLVED,pending
event_c44df66e7751fc8cc4fa2e9b7f3d01101d3ad1f3593827556c941fae686b300c,data/I_images/F155481/image_003.jpg,True,True,15474,300,204,JPEG,,1b31f182a1a4b472ae6e80526ffd9437c7dc63e68c07931bd856f1145942f42b,1,F155481,,,period,case_period_end,LOW,UNRESOLVED,pending
event_db576c108ae0d204c2b7c9e6085699be92110809a384784a8d67cf61a71089b2,data/I_images/F188026/image_001.jpg,True,True,19875,300,204,JPEG,,703d30f4509e15e8c7f17387096aa3cdaee8919cb76ac0896556e990ba48155b,1,F188026,,,period,case_period_end,LOW,UNRESOLVED,pending
event_c30f0e253b3e169b0b1ace95be31830b8e4f860958d43288f7f4180a075c196a,data/I_images/F188310/image_002.jpg,True,True,19138,304,235,JPEG,,ca90c521d17f336507ea3d2b781e745c2b94ad71c63022cba95d90f0b87fba81,1,F188310,,,period,case_period_end,LOW,UNRESOLVED,pending
event_3b824f0552b3da4c55121c44b84f7aa4520250e1c8404919da1e18372271b602,data/I_images/F194265/image_001.jpg,True,True,16831,304,193,JPEG,,330f03bc91f2cb2ae9816b4d60d413cce02d11b8352e40b8c237892440e71110,1,F194265,,,period,case_period_end,LOW,UNRESOLVED,pending
event_43f795df467a907ab28428b57e094ee1aff2443f6a77aa76d24aa5293784d454,data/I_images/F209570/image_002.jpg,True,True,19187,319,216,JPEG,,deb77beebace3f165bf345438ca15f9941291c210431017d87240bd8eab0aaba,1,F209570,,,period,case_period_end,LOW,UNRESOLVED,pending
event_a056fea857ccf012c6a7d091db6952bc119159c2bd0420872065137b6fc782a6,data/I_images/F209570/image_003.jpg,True,True,19958,319,216,JPEG,,99ded77029ab33be7b47ca098be27a1d7a97d74bd95e7a00f70256b58a8196a5,1,F209570,,,period,case_period_end,LOW,UNRESOLVED,pending
event_7ad7878739d3bea6f6c5999cccd7f3fe6149f4ae3aa188b01e836e242b9dda0a,data/I_images/F241573/image_003.jpg,True,True,19234,306,204,JPEG,,8e9e340d4956065ffe2a5b0ff1ccfdf38695d7f97a5fc58d0d5fdcc15a0b3dcf,1,F241573,,,period,case_period_end,LOW,UNRESOLVED,pending
event_c7f3782f80c07c72d34384aaa0115ebe6e8d7b8fe99c709418ae28609755f306,data/I_images/F257178/image_001.jpg,True,True,19682,306,204,JPEG,,f1809c4aa7f3b76f773345c157c59c3c5a6335b5aa81b983b28c0d4d5bee343c,1,F257178,,,period,case_period_end,LOW,UNRESOLVED,pending
event_37e8061ac35461d7edfc58b1022d5e46424e84b520175f2584bebe67e12f17f5,data/I_images/F257178/image_002.jpg,True,True,19673,306,204,JPEG,,653b14a41f7713e2129c04571bf294d997c5a156420fa4aeac8c3f7ec2598a27,1,F257178,,,period,case_period_end,LOW,UNRESOLVED,pending
event_93f89a6b39d91d990a8d704874caf2a56b79cd175ab47721f0632517a1eea54d,data/I_images/F279269/image_001.jpg,True,True,20813,308,234,JPEG,,17fa7d4c358af1aa78e36c005c429efdc276df8e747ea7540709cde4e4c14336,1,F279269,,,period,case_period_end,LOW,UNRESOLVED,pending
event_e759b8ecca452dce6ac777f0aed028848954468941a87c94680ccbb86d6b5445,data/I_images/F295998/image_001.jpg,True,True,12834,306,204,JPEG,,318ba9cf00144d4781ae15734d364b41ba6bca1949c781afd7f1995fd6a2a772,1,F295998,,,period,case_period_end,LOW,UNRESOLVED,pending
event_48619178cbcc523e6ed3a0165b8f2451895240ecd2fd92bee3689ed61def2dfb,data/I_images/F295998/image_002.jpg,True,True,16912,306,204,JPEG,,29cf5d2bb006797327146e37302e565b382e72092c93c7cfc8373b141c4837b1,1,F295998,,,period,case_period_end,LOW,UNRESOLVED,pending
event_41af831a7d1544bba3b63c4144a487693849cf0ebf69c202a430e7cd128db57b,data/I_images/F302129/image_001.jpg,True,True,685056,3024,3024,JPEG,,e6edc6116afc56e19db7b8eb459905b150e4324ae9bf1557953b469d99e96ff7,1,F302129,,,period,case_period_end,LOW,UNRESOLVED,pending
event_06618df797015453694a8fbbe4892dc3489263ac0f199d7dd676335f32d261ef,data/I_images/F302129/image_002.jpg,True,True,720265,3024,3024,JPEG,,0094ae8d0ee236cfc97a07336686821960d0102b6ecb24054521d7ce6d019abc,1,F302129,,,period,case_period_end,LOW,UNRESOLVED,pending
event_4fc05760980807cf27949c241d5dda05bd2710aa4b02efb3571f682995aac8b0,data/I_images/F332196/image_001.jpg,True,True,1062080,3492,3492,JPEG,,9b68c1d9fe938971c1c7b1764a2be4c7ba81e868363c7ce6d7bd19af0ceb23b9,1,F332196,,,period,case_period_end,LOW,UNRESOLVED,pending
event_4ab153e7f6fe3583ff4741b4ac46a4f479734a1a5ae6de2646d69943790bdda7,data/I_images/F332196/image_002.jpg,True,True,857722,3492,3492,JPEG,,31df54684e83e8e0368ba513cfa40f90231b550533f738c9183946c965ca6d81,1,F332196,,,period,case_period_end,LOW,UNRESOLVED,pending
event_b180c0414423d2158a2c7cbb590b086d1aec6a4613c027b541681a6737224c9d,data/I_images/F332196/image_003.jpg,True,True,715369,3024,3024,JPEG,,cca49b6d5c260d4850ab1b947924de0b3274e8c02c521fc723a90869b1b4f66a,1,F332196,,,period,case_period_end,LOW,UNRESOLVED,pending
event_da3cca0d5ce0a7d9899a04e168417ea4fdcaa3aac59067eda274ff3fd1129608,data/I_images/F333620/image_001.jpg,True,True,17098,292,219,JPEG,,27b49f9358df831a6890948ca4dd587457cd68d013293a23507004fde1459f8e,1,F333620,,,period,case_period_end,LOW,UNRESOLVED,pending
event_0c4185b8a3338654cd32f5d793474609b03aaa7896fdcb09c068c64d8948bea8,data/I_images/F346854/image_001.jpg,True,True,14017,319,217,JPEG,,2d71e0aef51956a690d70ac9d5fea65772688d4af9efea74816ee7cc353c8b84,1,F346854,,,period,case_period_end,LOW,UNRESOLVED,pending
event_f51b597d19c994641a9e8af8f0f14d394560ed3a40fd51f44f34515a105f3000,data/I_images/F346854/image_002.jpg,True,True,20748,311,221,JPEG,,96a7e1cc87c856c605584e14bbf842dbb7fb65d3b972546455870234e4efd783,1,F346854,,,period,case_period_end,LOW,UNRESOLVED,pending
event_3a8c4a077aae63b2d5231cc3714a53a956eac1936a841fce3c7aea3f7ff6a350,data/I_images/F354848/image_001.jpg,True,True,21135,384,288,JPEG,,ecd97ac00ffe1a92a8818c44f84ad37362eb80baf5012d93508cde14ac915f71,1,F354848,,,period,case_period_end,LOW,UNRESOLVED,pending
event_1fa548f54c3ce9c4eda4c57490a3a124f47f077b6821686ee468811dded1d9b5,data/I_images/F354848/image_002.jpg,True,True,16514,384,288,JPEG,,6238eb745d57d26c451d1eab0ab3c9cd351db0241766820ce519e75984a92751,1,F354848,,,period,case_period_end,LOW,UNRESOLVED,pending
event_b6d756b9c878d9d6f8f7119f90b56a357375414c1dd94ba30daa0352c47797ff,data/I_images/F356651/image_003.jpg,True,True,20547,309,202,JPEG,,ba718f53a05d4c91b191c8f8e899e6adc9d8cdd2ab6bf8c131bb2809df6c0cb2,1,F356651,,,period,case_period_end,LOW,UNRESOLVED,pending
event_2eceff28e00d179cb1c721dd9a132c4b8ef3470b61e5868eede30e4eb71647b9,data/I_images/F356651/image_004.jpg,True,True,14980,309,202,JPEG,,fb628503d07fb40fe046750546e872d8f60bcfe8b02452b608b7edf7abc0767b,1,F356651,,,period,case_period_end,LOW,UNRESOLVED,pending
event_78ff247405a29366453d69cb72d2ae5aaaf48e11adf8f5ffb1e888df5694e665,data/I_images/F385790/image_001.jpg,True,True,5880,124,161,JPEG,,6f56613bb89464432807ee2ac83d6f664120c35a395665df57b83cff397dbf61,1,F385790,,,period,case_period_end,LOW,UNRESOLVED,pending
event_a5b3bd2cfcc9a4867fa16e38c17965c6a04c5d2a72c3c5c7c2f04ad941449abe,data/I_images/F393975/image_002.jpg,True,True,20876,306,204,JPEG,,04563da97e131a006b0b3a37f77859f7c87d6f44c16b3f2afaa56d763f476156,1,F393975,,,period,case_period_end,LOW,UNRESOLVED,pending
event_94551854a999148a7363ea60165fc9492f9b6b9093d020f5233da1f955e3b2d2,data/I_images/F396544/image_001.jpg,True,True,20517,304,228,JPEG,,20e1018d8c7de1bcc14bf44aa7ae3b9346881dd709d6ec9d3bde027bece384ea,1,F396544,,,period,case_period_end,LOW,UNRESOLVED,pending
event_e03624dc2272dc511a8369a3fb41ac7453a103d7330309ed48650fe6404f3e42,data/I_images/F420458/image_001.jpg,True,True,22319,324,250,JPEG,,eca25addcdc721867e1e1ca74483d975cca7b09e89b2dbf955345f62ffac9b14,1,F420458,,,period,case_period_end,LOW,UNRESOLVED,pending
event_50c85259cb8e18a0f77715439e560ce76d30153659956e731aece2a9fd153dae,data/I_images/F421013/image_002.jpg,True,True,19546,304,228,JPEG,,e0d21a3948f4d40c6135c0c967ec43ec1f0bc48089b1c24eb3dc56d0a4647936,1,F421013,,,period,case_period_end,LOW,UNRESOLVED,pending
event_4af9f4707c5a704e667a9f775cc523d0ad72f1f2fea71b25dec05278adb6356a,data/I_images/F421013/image_003.jpg,True,True,18476,304,228,JPEG,,ddc708a4824c8c67beaf3679a09bb8eb3c1741632fee30f93f4867c45b450ca5,1,F421013,,,period,case_period_end,LOW,UNRESOLVED,pending
event_90725dfcf8da6fe1674e0a378c494cc6b2b3f7898baf82d6ad6ca22ed8413a29,data/I_images/F451640/image_002.jpg,True,True,12600,306,204,JPEG,,18b57419a6f5acb815d2bcf2d56d543c13a4332a6f22d8b8634b4ead2e341175,1,F451640,,,period,case_period_end,LOW,UNRESOLVED,pending
event_583018fba52c3ce31c2885a839c9c386d8ceadc6ca8f1cdf9699e667c39d2c69,data/I_images/F536515/image_002.jpg,True,True,37776,426,284,JPEG,,23fe8ea0f3ffdad1792d7a653397be87efee3aef8ba192d122a31e67bd303aa0,1,F536515,,,period,case_period_end,LOW,UNRESOLVED,pending
event_6cac5f0ec1ee516ea2a7ca3fb3a0857929d0a2380710226cdcf3b5e9c5fab8a4,data/I_images/F538612/image_003.jpg,True,True,30041,426,284,JPEG,,ef6b48eabd03d87a46eba809714ecf994cfcf5daff6e5a7f2d4681a10f7fa6b7,1,F538612,,,period,case_period_end,LOW,UNRESOLVED,pending
event_fb5c580538de9ff3e7daf25b822af8f1310e588ff8ce94791dcbbc44e034ddcf,data/I_images/F541027/image_002.jpg,True,True,13403,306,204,JPEG,,720a20e9c07516fa63aadc52ce348d68114e4ace558dd369cc20e28d6673c9a4,1,F541027,,,period,case_period_end,LOW,UNRESOLVED,pending
event_9bba3d654a611f51e16e988673d43676f7dccdd83131446a4161d135f68c14a4,data/I_images/F541562/image_001.jpg,True,True,15911,301,191,JPEG,,8fd91b95f81d83a0c69a3b3351929c3e9e4e196fdb8a75519ecf78f2e1d05dab,1,F541562,,,period,case_period_end,LOW,UNRESOLVED,pending
event_8a0b9c1795bb1efcf7f6cc92998064476e444b34e734c1b0bec9ac60afd66a2c,data/I_images/F551358/image_001.jpg,True,True,12185,306,185,JPEG,,781947af66c8dbaeda4d66df0989501f9fa48b0fb0ec841248f47534adc2e3d7,1,F551358,,,period,case_period_end,LOW,UNRESOLVED,pending
event_df629ad090fe570b6524e80d84039541183daafc73fdd0731b237352afe5f2da,data/I_images/F584775/image_002.jpg,True,True,11269,262,144,JPEG,,54a0918d84bdc7fc0c500a1397128105860a4e173fe4f2fb3f1708782fd3749f,1,F584775,,,period,case_period_end,LOW,UNRESOLVED,pending
event_502a94ea51496f844545e54afabcd567ba29acd378b0a1cc6d1724370f693369,data/I_images/F596090/image_003.jpg,True,True,13335,306,204,JPEG,,bd6706171e2f50c7bbb1ec7bd016a38f25e977b0e9ee6a436e68f88cee4bf7bd,1,F596090,,,period,case_period_end,LOW,UNRESOLVED,pending
event_d9d5bc445f3d12f84dc057da8eb0580dc68453ae745b77b52abe675b8b60621c,data/I_images/F605134/image_002.jpg,True,True,20820,300,204,JPEG,,7bc65dc6b668af69fb3bebe7933b6ce53468aadb6058215ed3838f731f37eeda,1,F605134,,,period,case_period_end,LOW,UNRESOLVED,pending
event_620304c8cd06ef8c0aed6e41ab5d4d65845d8a8b1cb3b4c902fabecc86111fce,data/I_images/F612614/image_001.jpg,True,True,19294,304,223,JPEG,,b594dd39c13984b68e12b4b42a7140b6ed528494b1e54163cce7d43cb2699ece,1,F612614,,,period,case_period_end,LOW,UNRESOLVED,pending
event_60d0bad4c8f102924a8c81b593246f0bb7dca329f3e913a11956d9be0e769cda,data/I_images/F662255/image_001.jpg,True,True,20491,319,216,JPEG,,321035a7b14e5246c1990eefcd1eb27c2435c536118e4a25ab66b24dd20f0266,1,F662255,,,period,case_period_end,LOW,UNRESOLVED,pending
event_eb6da18f9801578bd767da7d26c8c9e1028fc7009a1213421ad018fda4a8c40e,data/I_images/F705994/image_001.jpg,True,True,16483,300,204,JPEG,,a4893b041bff2774ead35f7ce34866bd4424499a9f7cb299b2804744e8cdea64,1,F705994,,,period,case_period_end,LOW,UNRESOLVED,pending
event_68520cb2bb4a1422e669e2c72079f8266400ae40213632d86161756157774075,data/I_images/F705994/image_003.jpg,True,True,13446,306,204,JPEG,,9e4677188276c3ade1924526785e559b1d69504df24fa03d2105e962b39215af,1,F705994,,,period,case_period_end,LOW,UNRESOLVED,pending
event_2655b0159358313dbc80224dfeef433e7177386e46a0460f38deda5432c5e15b,data/I_images/F718361/image_001.jpg,True,True,18526,306,204,JPEG,,68932fc5155e8c46a6c9b6b0daefd6db19c514cbe5172a96ccd2fe266f0b9494,1,F718361,,,period,case_period_end,LOW,UNRESOLVED,pending
event_056378269c80fb999f4d947b5ceda0e3a574d68da3f684a2f62918a91fb15565,data/I_images/F760592/image_001.jpg,True,True,18773,306,230,JPEG,,bf23734517b24c9d52d03b2be91fdf2d4b64ac1906096e66625180622203950e,1,F760592,,,period,case_period_end,LOW,UNRESOLVED,pending
event_8e6d16ca4973dbf805da157fe422cce79841132b464c0866eec556109129437c,data/I_images/F773675/image_001.jpg,True,True,16842,292,219,JPEG,,a75758f624fcf86195001489e3c9033a6be4c37cf9fbfa4a537f2a846dfe24ae,1,F773675,,,period,case_period_end,LOW,UNRESOLVED,pending
event_119d3309adaaef3e7e1584bb09e518720129a4ea72d68e98e30d86c6b3824f38,data/I_images/F806136/image_001.jpg,True,True,17028,304,228,JPEG,,3246b6f858d518f7e76f09dbb88a2ee0aa9081fa80d83d33e573ee0d1bcf7c91,1,F806136,,,period,case_period_end,LOW,UNRESOLVED,pending
event_62b18077544d108d29f84b26feeb9a8b9a28ee5061be6b403326421a907eecef,data/I_images/F806136/image_002.jpg,True,True,16944,319,216,JPEG,,931d6cd215e4e1d7c66b260b9ab0cb546802e04dad89d926d2a2146db07305bb,1,F806136,,,period,case_period_end,LOW,UNRESOLVED,pending
event_6b2d1a86ad5fafad5ec348741a8dd219b9b08532d78e2df7d92cf4ee5b8ed614,data/I_images/F814133/image_001.jpg,True,True,13983,306,204,JPEG,,eddb4a2c31098022abd36928b8d7f5c8db6a14a613647e163546f86f2674a0e7,1,F814133,,,period,case_period_end,LOW,UNRESOLVED,pending
event_d897978ab5b6ff9dced58973497547c03efc088325dc2fb8f50e66cbd73a340b,data/I_images/F826478/image_001.jpg,True,True,91745,600,454,JPEG,,7cd83bcbbfa1bf06bf2121e1875bd522cbace2bb188afb8052cbfd8b025c01ba,1,F826478,,,period,case_period_end,LOW,UNRESOLVED,pending
event_3f31a48b2e75f296fd5b95973e6d851926b15ab9b815029b2a94f2ef17a08519,data/I_images/F844403/image_001.jpg,True,True,23628,300,204,JPEG,,1ccb2697647653518ffab98ca2139213afd0a2c819d249e87d23223f56b5df23,1,F844403,,,period,case_period_end,LOW,UNRESOLVED,pending
event_1e2f0cb6809e889b7fd69a9f3b9516fbfd559ae5003b86a24e243fc6b77fe447,data/I_images/F844403/image_002.jpg,True,True,21776,300,204,JPEG,,3d69e04d063c6f648f2e4d51bde65b539889b3a6f86dea82fa278fddc967a168,1,F844403,,,period,case_period_end,LOW,UNRESOLVED,pending
event_f5c939817378591cea7f4ef1285bb513f177b9d2e31f2b6f291904f7de2ef663,data/I_images/F844403/image_003.jpg,True,True,19918,300,204,JPEG,,7314008b8d2e35fc67185ce442c493b63349ea9812265b7bf89eb6d011caeeb5,1,F844403,,,period,case_period_end,LOW,UNRESOLVED,pending
event_41a7e60477095c2bb8891b913f99f3f00640fb43230658d9c947535ec8993061,data/I_images/F854447/image_001.jpg,True,True,19817,306,230,JPEG,,a50a04758905873f316ddc3c36228d849906d58a58ee2d76ec25b7c310b1400e,1,F854447,,,period,case_period_end,LOW,UNRESOLVED,pending
event_ac94450844329b9ee05b52da29b1f31e50c52e7c19427e9dc6d48839ba671966,data/I_images/F854447/image_002.jpg,True,True,17307,306,204,JPEG,,2f5970925f2db7e3302f5e43d8cb0e39e424d8f4c2835b01bc862542919a5969,1,F854447,,,period,case_period_end,LOW,UNRESOLVED,pending
event_51cff433e31120c04a174ee196b64c60efa33e68a029f155755cce9cdcc446ec,data/I_images/F854780/image_001.jpg,True,True,16087,308,234,JPEG,,8e525a82a5b8229a7805645ea81bbb50b2ecd21846939fdd57e016f0efc5747a,1,F854780,,,period,case_period_end,LOW,UNRESOLVED,pending
event_d2d3aba62ecb8d28645f8e3810ac8c3f1ca1619d87288de6a21124639b066dd2,data/I_images/F854780/image_003.jpg,True,True,12716,302,169,JPEG,,05a791c168bbf0001dc30de6380c11125e99511907a612c125ae4c783649d5b3,1,F854780,,,period,case_period_end,LOW,UNRESOLVED,pending
event_9df4e48f8a1960e384c3b31fb92fd423d89a7dbd2add9fb0c8023897e08c452f,data/I_images/F882016/image_001.jpg,True,True,71292,680,510,JPEG,,8cf21feb89ffbf10d4e5c38975bf957f5ed2bcc09a45dcf0538d1326a94ce68b,1,F882016,,,period,case_period_end,LOW,UNRESOLVED,pending
event_dddd295d4c3083802c9cf35f801ffdbc17e9bbf0b42f4595f69da887b8878a6e,data/I_images/F944488/image_003.jpg,True,True,21040,319,216,JPEG,,cf4e0989e7dddf71bd599c856d6f7c24c748a1706f3d0ea0d00ad15e52efdfe2,1,F944488,,,period,case_period_end,LOW,UNRESOLVED,pending
event_80ba8cad20d3bd91f5442881eba712c231fb75d19b2f6c642d6ca8936009ff7b,data/I_images/F968401/image_002.jpg,True,True,19609,306,204,JPEG,,a82cded275e926d85fe427067fb96008c6b48050e1bd4d9705e586d1292a10cb,1,F968401,,,period,case_period_end,LOW,UNRESOLVED,pending
event_947f4720178511ec5f9573808151e8c557cf8d7b528537e447bd27e2ee2d0a6c,data/I_images/F972037/image_001.png,True,True,4206783,2880,1616,PNG,,12d66a362138982b0a94dad8b5f994efeca0d5f0ef60159febfda35ce2bcab30,1,F972037,,,period,case_period_end,LOW,UNRESOLVED,pending
event_5f4ce41a897b6639e0dce42cf23ed66c20f5cd51d8ea1198f732e4cc6cf573f1,data/I_images/F972654/image_003.jpg,True,True,6430,145,140,JPEG,,5eda442993efccc36a0eb4b6f62fa002eeb9813c2db30140ba592ce9c8622880,1,F972654,,,period,case_period_end,LOW,UNRESOLVED,pending
event_631b8eb0da5980dc67e796a4e685a74dc24a1aa9e2d05655fefce9f03375b4f4,data/I_images/F973024/image_001.jpg,True,True,16709,300,201,JPEG,,b68472ce1f78c55ce0d9af36d80dc2688119dc8ce75d12465a14c654b968aaff,1,F973024,,,period,case_period_end,LOW,UNRESOLVED,pending
event_fb6b52de986b0808ceb4be820ac5eca849ea594ba31b13f0fa183c973aea59aa,data/I_images/F974023/image_001.jpg,True,True,101175,1024,767,JPEG,,f4fc375978eaa096f2cda8f3fa9e9f09a81a8050f3ec58e53ad7a7a1d56caf40,1,F974023,,,period,case_period_end,LOW,UNRESOLVED,pending
event_2463ec462076fcdcd8fdf036630d155a5fad0ace8b749226b174c32b12564961,data/I_images/F975071/image_001.jpg,True,True,35069,512,329,JPEG,,f36287dca1c3eac6525c22e4ec9b9c27acd03a0f015e44f350bd39817657be2b,1,F975071,,,period,case_period_end,LOW,UNRESOLVED,pending
event_455b7a9eeb96adc97fce29f46aa6785b19f58fcdbc6bf9e42341af05d0a97131,data/I_images/F976048/image_001.jpg,True,True,16926,308,234,JPEG,,7527275d5f2b97ae68cc62e71144153b77e196a43abf0650539bbe62d1a1403e,1,F976048,,,period,case_period_end,LOW,UNRESOLVED,pending
event_3f77f2558208693e474826949bb00e5fe7e930a05ceb84047a001ba4012abd04,data/I_images/F981237/image_002.jpg,True,True,11711,306,204,JPEG,,2f7a43cd0cf1ed2a89a51b593b28a7488c69ff02227c10aaf4238052a0a87bb5,1,F981237,,,period,case_period_end,LOW,UNRESOLVED,pending
event_36c75c18ff23b6f2bf17eb9d0217ee12d7d81352192498e71fc09cad3a616927,data/I_images/F995842/image_003.jpg,True,True,11905,306,204,JPEG,,c7ceb6966a976a7248b9292b2767c2b027dc1f5414aed6d30c2e98587bd730d3,1,F995842,,,period,case_period_end,LOW,UNRESOLVED,pending
